,EEG.AF3delta,EEG.AF3theta,EEG.AF3alpha,EEG.AF3beta
0,0.2949991245063831,0.10789834960595852,0.18721629530908124,0.26400119997271376
1,0.2949991245063831,0.10789834960595852,0.18721629530908124,0.26400119997271376
2,0.2949991245063831,0.10789834960595852,0.18721629530908124,0.26400119997271376
3,0.2949991245063831,0.10789834960595852,0.18721629530908124,0.26400119997271376
4,0.2949991245063831,0.10789834960595852,0.18721629530908124,0.26400119997271376
